<application>
  <component name="PlantUmlSettingsNew">
    <option name="PLANTUML_LIMIT_SIZE" value="" />
    <option name="customPlantumlJarPath" value="" />
    <option name="dotExecutable" value="/opt/homebrew/Cellar/graphviz/2.49.3/bin/dot" />
    <option name="includedPaths" value="" />
    <option name="lastBundledVersion" value="1.2021.15" />
    <option name="previewSettings">
      <PreviewSettings>
        <option name="splitEditorLayout" value="Show editor and preview - horizontal split" />
      </PreviewSettings>
    </option>
    <option name="usePreferentiallyGRAPHIZ_DOT" value="true" />
  </component>
</application>