<application>
  <component name="AppStorage">
    <option name="newTranslationDialogHeight" value="255" />
    <option name="newTranslationDialogWidth" value="444" />
    <option name="newTranslationDialogX" value="1378" />
    <option name="newTranslationDialogY" value="344" />
    <histories>
      <item value="Set a Carbon instance (real or mock) to be returned when a &quot;now&quot; instance is created. The provided instance will be returned specifically under the following conditions: - A call to the static now() method, ex. Carbon::now() - When a null (or blank string) is passed to the constructor or parse(), ex. new Carbon(null) - When the string &quot;now&quot; is passed to the constructor or parse(), ex. new Carbon('now') - When a string containing the desired time is passed to Carbon::parse(). Note the timezone parameter was left out of the examples above and has no affect as the mock value will be returned regardless of its value. Only the moment is mocked with setTestNow(), the timezone will still be the one passed as parameter of date_default_timezone_get() as a fallback (see setTestNowAndTimezone()). To clear the test instance call this method using the default parameter of null." />
      <item value="threshold" />
      <item value="PHP Fatal error: Allowed memory size of 268435456 bytes exhausted (tried to allocate 20480 bytes) in" />
      <item value="get Filter And Aggregate Trips" />
      <item value="| The closure you provide to your test functions is always bound to a specific PHPUnit test | case class. By default, that class is &quot;PHPUnit\Framework\TestCase&quot;. Of course, you may | need to change it using the &quot;uses()&quot; function to bind a different classes or traits." />
      <item value="The closure you provide to your test functions is always bound to a specific PHPUnit test | case class. By default, that class is &quot;PHPUnit\Framework\TestCase&quot;. Of course, you may | need to change it using the &quot;uses()&quot; function to bind a different classes or traits." />
      <item value="users can delete their account" />
      <item value="detects a url in a string" />
      <item value="'users can see a list of latest threads" />
      <item value="ポイントが足りていない時" />
      <item value="consume Point" />
      <item value="get Expired At By Country" />
      <item value="Acquirable" />
      <item value="exclude Paths" />
      <item value="結合" />
      <item value="criteria" />
      <item value="Create a new model instance for a related model." />
      <item value="The associated key of the relation." />
      <item value="The foreign key of the parent model." />
      <item value="he intermediate table for the relation." />
    </histories>
    <option name="languageScores">
      <map>
        <entry key="ENGLISH" value="18" />
        <entry key="JAPANESE" value="17" />
      </map>
    </option>
  </component>
  <component name="Cache">
    <option name="lastTrimTime" value="1639965512745" />
  </component>
  <component name="Settings">
    <option name="translateDocumentation" value="true" />
  </component>
</application>