<keymap version="1" name="macOS コピー" parent="Mac OS X 10.5+">
  <action id="AceAction" />
  <action id="ActivateBookmarksToolWindow" />
  <action id="ActivateDatabaseToolWindow">
    <keyboard-shortcut first-keystroke="meta 3" />
  </action>
  <action id="ActivateFindToolWindow" />
  <action id="ActivateStructureToolWindow">
    <keyboard-shortcut first-keystroke="meta 2" />
  </action>
  <action id="CodeCompletion">
    <keyboard-shortcut first-keystroke="meta semicolon" />
  </action>
  <action id="CreateOpenapiSpecification">
    <keyboard-shortcut first-keystroke="ctrl q" second-keystroke="2" />
  </action>
  <action id="DatabaseView.Tools">
    <keyboard-shortcut first-keystroke="alt enter" />
  </action>
  <action id="Exit" />
  <action id="FileChooser.GotoModule" />
  <action id="FocusEditor">
    <keyboard-shortcut first-keystroke="escape" />
    <keyboard-shortcut first-keystroke="ctrl q" second-keystroke="w" />
  </action>
  <action id="Generate">
    <keyboard-shortcut first-keystroke="ctrl enter" />
    <keyboard-shortcut first-keystroke="ctrl q" second-keystroke="s" />
  </action>
  <action id="Git.Branches">
    <keyboard-shortcut first-keystroke="ctrl q" second-keystroke="g" />
  </action>
  <action id="GitToolBox.BlameDetails">
    <keyboard-shortcut first-keystroke="shift alt b" />
    <keyboard-shortcut first-keystroke="ctrl q" second-keystroke="b" />
  </action>
  <action id="GotoBookmark1" />
  <action id="GotoDeclaration">
    <mouse-shortcut keystroke="meta button1" />
    <mouse-shortcut keystroke="Force touch" />
    <mouse-shortcut keystroke="button2" />
    <keyboard-shortcut first-keystroke="ctrl q" second-keystroke="z" />
  </action>
  <action id="NextSplitter">
    <keyboard-shortcut first-keystroke="alt tab" />
    <keyboard-shortcut first-keystroke="ctrl 1" />
  </action>
  <action id="PhpUnitNewTestFromClass">
    <keyboard-shortcut first-keystroke="ctrl q" second-keystroke="t" />
  </action>
  <action id="ProblemsView.QuickFixes">
    <keyboard-shortcut first-keystroke="alt enter" />
  </action>
  <action id="Refactorings.QuickListPopupAction">
    <keyboard-shortcut first-keystroke="ctrl q" second-keystroke="a" />
  </action>
  <action id="ReformatCode">
    <keyboard-shortcut first-keystroke="ctrl q" second-keystroke="f" />
  </action>
  <action id="RunClass">
    <keyboard-shortcut first-keystroke="shift ctrl r" />
    <keyboard-shortcut first-keystroke="ctrl q" second-keystroke="r" />
  </action>
  <action id="SetShortcutAction">
    <keyboard-shortcut first-keystroke="alt enter" />
  </action>
  <action id="ShowErrorDescription">
    <keyboard-shortcut first-keystroke="meta f1" />
    <keyboard-shortcut first-keystroke="ctrl q" second-keystroke="e" />
  </action>
  <action id="ShowIntentionActions">
    <keyboard-shortcut first-keystroke="alt enter" />
    <keyboard-shortcut first-keystroke="ctrl q" second-keystroke="d" />
  </action>
  <action id="ShowProjectStructureSettings" />
  <action id="ShowUmlDiagramPopup">
    <keyboard-shortcut first-keystroke="meta alt u" />
    <keyboard-shortcut first-keystroke="ctrl q" second-keystroke="1" />
  </action>
  <action id="SmartTypeCompletion" />
  <action id="Terminal.NextSplitter">
    <keyboard-shortcut first-keystroke="alt tab" />
  </action>
  <action id="Vcs.Log.ShowTooltip">
    <keyboard-shortcut first-keystroke="f1" />
    <keyboard-shortcut first-keystroke="ctrl j" />
    <mouse-shortcut keystroke="control button2" />
  </action>
  <action id="com.laravel_idea.plugin.generation.e.a">
    <keyboard-shortcut first-keystroke="shift meta comma" />
    <keyboard-shortcut first-keystroke="shift ctrl comma" />
    <keyboard-shortcut first-keystroke="ctrl q" second-keystroke="q" />
  </action>
</keymap>